FR_TRIANGULAR[0], 2695,
FR_TRIANGULAR[1], 2688,
FR_TRIANGULAR[2], 2654,
FR_TRIANGULAR[3], 2602,
FR_TRIANGULAR[4], 2541,
FR_TRIANGULAR[5], 2471,
FR_TRIANGULAR[6], 2402,
FR_TRIANGULAR[7], 2369,
FR_TRIANGULAR[8], 2377,
FR_TRIANGULAR[9], 2411,
FR_TRIANGULAR[10], 2463,
FR_TRIANGULAR[11], 2525,
FR_TRIANGULAR[12], 2594,
FR_TRIANGULAR[13], 2664,
FR_TRIANGULAR[14], 2696,
FR_TRIANGULAR[15], 2687,
FR_TRIANGULAR[16], 2651,
FR_TRIANGULAR[17], 2600,
FR_TRIANGULAR[18], 2537,
FR_TRIANGULAR[19], 2468,
FR_TRIANGULAR[20], 2399,
FR_TRIANGULAR[21], 2369,
FR_TRIANGULAR[22], 2378,
FR_TRIANGULAR[23], 2413,
FR_TRIANGULAR[24], 2466,
FR_TRIANGULAR[25], 2529,
FR_TRIANGULAR[26], 2532,
FR_TRIANGULAR[27], 2602,
FR_TRIANGULAR[28], 2670,
FR_TRIANGULAR[29], 2696,
FR_TRIANGULAR[30], 2684,
FR_TRIANGULAR[31], 2647,
FR_TRIANGULAR[32], 2594,
FR_TRIANGULAR[33], 2530,
FR_TRIANGULAR[34], 2461,
FR_TRIANGULAR[35], 2393,
FR_TRIANGULAR[36], 2368,
FR_TRIANGULAR[37], 2381,
FR_TRIANGULAR[38], 2418,
FR_TRIANGULAR[39], 2472,
FR_TRIANGULAR[40], 2536,
FR_TRIANGULAR[41], 2605,
FR_TRIANGULAR[42], 2672,
FR_TRIANGULAR[43], 2697,
FR_TRIANGULAR[44], 2683,
FR_TRIANGULAR[45], 2645,
FR_TRIANGULAR[46], 2590,
FR_TRIANGULAR[47], 2526,
FR_TRIANGULAR[48], 2457,
FR_TRIANGULAR[49], 2391,
FR_TRIANGULAR[50], 2368,
FR_TRIANGULAR[51], 2382,
FR_TRIANGULAR[52], 2421,
FR_TRIANGULAR[53], 2475,
FR_TRIANGULAR[54], 2539,
FR_TRIANGULAR[55], 2610,
FR_TRIANGULAR[56], 2675,
FR_TRIANGULAR[57], 2697,
FR_TRIANGULAR[58], 2681,
FR_TRIANGULAR[59], 2642,
FR_TRIANGULAR[60], 2588,
FR_TRIANGULAR[61], 2524,
FR_TRIANGULAR[62], 2453,
FR_TRIANGULAR[63], 2389,
FR_TRIANGULAR[64], 2368,
FR_TRIANGULAR[65], 2384,
FR_TRIANGULAR[66], 2423,
FR_TRIANGULAR[67], 2478,
FR_TRIANGULAR[68], 2543,
FR_TRIANGULAR[69], 2613,
FR_TRIANGULAR[70], 2677,
FR_TRIANGULAR[71], 2697,
FR_TRIANGULAR[72], 2680,
FR_TRIANGULAR[73], 2640,
FR_TRIANGULAR[74], 2584,
FR_TRIANGULAR[75], 2520,
FR_TRIANGULAR[76], 2450,
FR_TRIANGULAR[77], 2387,
FR_TRIANGULAR[78], 2368,
FR_TRIANGULAR[79], 2385,
FR_TRIANGULAR[80], 2426,
FR_TRIANGULAR[81], 2482,
FR_TRIANGULAR[82], 2546,
FR_TRIANGULAR[83], 2617,
FR_TRIANGULAR[84], 2680,
FR_TRIANGULAR[85], 2697,
FR_TRIANGULAR[86], 2678,
FR_TRIANGULAR[87], 2637,
FR_TRIANGULAR[88], 2581,
FR_TRIANGULAR[89], 2516,
FR_TRIANGULAR[90], 2446,
FR_TRIANGULAR[91], 2384,
FR_TRIANGULAR[92], 2368,
FR_TRIANGULAR[93], 2386,
FR_TRIANGULAR[94], 2428,
FR_TRIANGULAR[95], 2484,
FR_TRIANGULAR[96], 2549,
FR_TRIANGULAR[97], 2621,
FR_TRIANGULAR[98], 2682,
FR_TRIANGULAR[99], 2696,
FR_TRIANGULAR[100], 2676,
FR_TRIANGULAR[101], 2634,
FR_TRIANGULAR[102], 2578,
FR_TRIANGULAR[103], 2513,
FR_TRIANGULAR[104], 2442,
FR_TRIANGULAR[105], 2383,
FR_TRIANGULAR[106], 2368,
FR_TRIANGULAR[107], 2388,
FR_TRIANGULAR[108], 2431,
FR_TRIANGULAR[109], 2488,
FR_TRIANGULAR[110], 2553,
FR_TRIANGULAR[111], 2624,
FR_TRIANGULAR[112], 2684,
FR_TRIANGULAR[113], 2696,
FR_TRIANGULAR[114], 2675,
FR_TRIANGULAR[115], 2632,
FR_TRIANGULAR[116], 2576,
FR_TRIANGULAR[117], 2509,
FR_TRIANGULAR[118], 2439,
FR_TRIANGULAR[119], 2380,
FR_TRIANGULAR[120], 2369,
FR_TRIANGULAR[121], 2390,
FR_TRIANGULAR[122], 2434,
FR_TRIANGULAR[123], 2491,
FR_TRIANGULAR[124], 2557,
FR_TRIANGULAR[125], 2628,
FR_TRIANGULAR[126], 2685,
FR_TRIANGULAR[127], 2696,
FR_TRIANGULAR[128], 2673,
FR_TRIANGULAR[129], 2630,
FR_TRIANGULAR[130], 2572,
FR_TRIANGULAR[131], 2506,
FR_TRIANGULAR[132], 2435,
FR_TRIANGULAR[133], 2379,
FR_TRIANGULAR[134], 2369,
FR_TRIANGULAR[135], 2392,
FR_TRIANGULAR[136], 2437,
FR_TRIANGULAR[137], 2494,
FR_TRIANGULAR[138], 2561,
FR_TRIANGULAR[139], 2632,
FR_TRIANGULAR[140], 2687,
FR_TRIANGULAR[141], 2696,
FR_TRIANGULAR[142], 2672,
FR_TRIANGULAR[143], 2626,
FR_TRIANGULAR[144], 2568,
FR_TRIANGULAR[145], 2502,
FR_TRIANGULAR[146], 2498,
FR_TRIANGULAR[147], 2427,
FR_TRIANGULAR[148], 2427,
FR_TRIANGULAR[149], 2375,
FR_TRIANGULAR[150], 2371,
FR_TRIANGULAR[151], 2395,
FR_TRIANGULAR[152], 2442,
FR_TRIANGULAR[153], 2500,
FR_TRIANGULAR[154], 2568,
FR_TRIANGULAR[155], 2638,
FR_TRIANGULAR[156], 2689,
FR_TRIANGULAR[157], 2694,
FR_TRIANGULAR[158], 2667,
FR_TRIANGULAR[159], 2621,
FR_TRIANGULAR[160], 2561,
FR_TRIANGULAR[161], 2494,
FR_TRIANGULAR[162], 2423,
FR_TRIANGULAR[163], 2374,
FR_TRIANGULAR[164], 2371,
FR_TRIANGULAR[165], 2397,
FR_TRIANGULAR[166], 2444,
FR_TRIANGULAR[167], 2504,
FR_TRIANGULAR[168], 2572,
FR_TRIANGULAR[169], 2642,
FR_TRIANGULAR[170], 2691,
FR_TRIANGULAR[171], 2693,
FR_TRIANGULAR[172], 2666,
FR_TRIANGULAR[173], 2618,
FR_TRIANGULAR[174], 2558,
FR_TRIANGULAR[175], 2491,
FR_TRIANGULAR[176], 2420,
FR_TRIANGULAR[177], 2374,
FR_TRIANGULAR[178], 2372,
FR_TRIANGULAR[179], 2400,
FR_TRIANGULAR[180], 2448,
FR_TRIANGULAR[181], 2507,
FR_TRIANGULAR[182], 2576,
FR_TRIANGULAR[183], 2646,
FR_TRIANGULAR[184], 2692,
FR_TRIANGULAR[185], 2693,
FR_TRIANGULAR[186], 2664,
FR_TRIANGULAR[187], 2616,
FR_TRIANGULAR[188], 2555,
FR_TRIANGULAR[189], 2487,
FR_TRIANGULAR[190], 2416,
FR_TRIANGULAR[191], 2373,
FR_TRIANGULAR[192], 2372,
FR_TRIANGULAR[193], 2402,
FR_TRIANGULAR[194], 2450,
FR_TRIANGULAR[195], 2512,
FR_TRIANGULAR[196], 2578,
FR_TRIANGULAR[197], 2650,
FR_TRIANGULAR[198], 2693,
FR_TRIANGULAR[199], 2692,
FR_TRIANGULAR[200], 2662,
FR_TRIANGULAR[201], 2613,
FR_TRIANGULAR[202], 2552,
FR_TRIANGULAR[203], 2484,
FR_TRIANGULAR[204], 2413,
FR_TRIANGULAR[205], 2372,
FR_TRIANGULAR[206], 2373,
FR_TRIANGULAR[207], 2404,
FR_TRIANGULAR[208], 2453,
FR_TRIANGULAR[209], 2514,
FR_TRIANGULAR[210], 2582,
FR_TRIANGULAR[211], 2653,
FR_TRIANGULAR[212], 2694,
FR_TRIANGULAR[213], 2691,
FR_TRIANGULAR[214], 2660,
FR_TRIANGULAR[215], 2610,
FR_TRIANGULAR[216], 2549,
FR_TRIANGULAR[217], 2480,
FR_TRIANGULAR[218], 2410,
FR_TRIANGULAR[219], 2371,
FR_TRIANGULAR[220], 2374,
FR_TRIANGULAR[221], 2406,
FR_TRIANGULAR[222], 2456,
FR_TRIANGULAR[223], 2517,
FR_TRIANGULAR[224], 2586,
FR_TRIANGULAR[225], 2657,
FR_TRIANGULAR[226], 2694,
FR_TRIANGULAR[227], 2690,
FR_TRIANGULAR[228], 2657,
FR_TRIANGULAR[229], 2607,
FR_TRIANGULAR[230], 2545,
FR_TRIANGULAR[231], 2476,
FR_TRIANGULAR[232], 2406,
FR_TRIANGULAR[233], 2370,
FR_TRIANGULAR[234], 2376,
FR_TRIANGULAR[235], 2408,
FR_TRIANGULAR[236], 2370,
FR_TRIANGULAR[237], 2375,
FR_TRIANGULAR[238], 2407,
FR_TRIANGULAR[239], 2457,
FR_TRIANGULAR[240], 2519,
FR_TRIANGULAR[241], 2588,
FR_TRIANGULAR[242], 2658,
FR_TRIANGULAR[243], 2695,
FR_TRIANGULAR[244], 2689,
FR_TRIANGULAR[245], 2656,
FR_TRIANGULAR[246], 2605,
FR_TRIANGULAR[247], 2544,
FR_TRIANGULAR[248], 2476,
FR_TRIANGULAR[249], 2405,
FR_TRIANGULAR[250], 2370,
FR_TRIANGULAR[251], 2376,
FR_TRIANGULAR[252], 2409,
FR_TRIANGULAR[253], 2460,
FR_TRIANGULAR[254], 2522,
FR_TRIANGULAR[255], 2592,
