FR_SENOIDAL[0], 2545,
FR_SENOIDAL[1], 2477,
FR_SENOIDAL[2], 2405,
FR_SENOIDAL[3], 2367,
FR_SENOIDAL[4], 2373,
FR_SENOIDAL[5], 2405,
FR_SENOIDAL[6], 2457,
FR_SENOIDAL[7], 2519,
FR_SENOIDAL[8], 2588,
FR_SENOIDAL[9], 2660,
FR_SENOIDAL[10], 2697,
FR_SENOIDAL[11], 2690,
FR_SENOIDAL[12], 2656,
FR_SENOIDAL[13], 2605,
FR_SENOIDAL[14], 2542,
FR_SENOIDAL[15], 2474,
FR_SENOIDAL[16], 2401,
FR_SENOIDAL[17], 2366,
FR_SENOIDAL[18], 2373,
FR_SENOIDAL[19], 2408,
FR_SENOIDAL[20], 2460,
FR_SENOIDAL[21], 2522,
FR_SENOIDAL[22], 2591,
FR_SENOIDAL[23], 2664,
FR_SENOIDAL[24], 2698,
FR_SENOIDAL[25], 2689,
FR_SENOIDAL[26], 2688,
FR_SENOIDAL[27], 2652,
FR_SENOIDAL[28], 2599,
FR_SENOIDAL[29], 2535,
FR_SENOIDAL[30], 2466,
FR_SENOIDAL[31], 2394,
FR_SENOIDAL[32], 2365,
FR_SENOIDAL[33], 2376,
FR_SENOIDAL[34], 2413,
FR_SENOIDAL[35], 2465,
FR_SENOIDAL[36], 2529,
FR_SENOIDAL[37], 2599,
FR_SENOIDAL[38], 2671,
FR_SENOIDAL[39], 2698,
FR_SENOIDAL[40], 2686,
FR_SENOIDAL[41], 2649,
FR_SENOIDAL[42], 2596,
FR_SENOIDAL[43], 2532,
FR_SENOIDAL[44], 2463,
FR_SENOIDAL[45], 2391,
FR_SENOIDAL[46], 2365,
FR_SENOIDAL[47], 2377,
FR_SENOIDAL[48], 2415,
FR_SENOIDAL[49], 2468,
FR_SENOIDAL[50], 2533,
FR_SENOIDAL[51], 2603,
FR_SENOIDAL[52], 2673,
FR_SENOIDAL[53], 2698,
FR_SENOIDAL[54], 2685,
FR_SENOIDAL[55], 2647,
FR_SENOIDAL[56], 2593,
FR_SENOIDAL[57], 2529,
FR_SENOIDAL[58], 2459,
FR_SENOIDAL[59], 2389,
FR_SENOIDAL[60], 2365,
FR_SENOIDAL[61], 2379,
FR_SENOIDAL[62], 2417,
FR_SENOIDAL[63], 2472,
FR_SENOIDAL[64], 2536,
FR_SENOIDAL[65], 2607,
FR_SENOIDAL[66], 2676,
FR_SENOIDAL[67], 2699,
FR_SENOIDAL[68], 2683,
FR_SENOIDAL[69], 2644,
FR_SENOIDAL[70], 2589,
FR_SENOIDAL[71], 2525,
FR_SENOIDAL[72], 2455,
FR_SENOIDAL[73], 2386,
FR_SENOIDAL[74], 2365,
FR_SENOIDAL[75], 2380,
FR_SENOIDAL[76], 2420,
FR_SENOIDAL[77], 2475,
FR_SENOIDAL[78], 2539,
FR_SENOIDAL[79], 2609,
FR_SENOIDAL[80], 2678,
FR_SENOIDAL[81], 2698,
FR_SENOIDAL[82], 2681,
FR_SENOIDAL[83], 2641,
FR_SENOIDAL[84], 2586,
FR_SENOIDAL[85], 2521,
FR_SENOIDAL[86], 2452,
FR_SENOIDAL[87], 2384,
FR_SENOIDAL[88], 2365,
FR_SENOIDAL[89], 2383,
FR_SENOIDAL[90], 2422,
FR_SENOIDAL[91], 2477,
FR_SENOIDAL[92], 2543,
FR_SENOIDAL[93], 2613,
FR_SENOIDAL[94], 2681,
FR_SENOIDAL[95], 2699,
FR_SENOIDAL[96], 2680,
FR_SENOIDAL[97], 2639,
FR_SENOIDAL[98], 2583,
FR_SENOIDAL[99], 2518,
FR_SENOIDAL[100], 2448,
FR_SENOIDAL[101], 2381,
FR_SENOIDAL[102], 2365,
FR_SENOIDAL[103], 2384,
FR_SENOIDAL[104], 2425,
FR_SENOIDAL[105], 2481,
FR_SENOIDAL[106], 2546,
FR_SENOIDAL[107], 2617,
FR_SENOIDAL[108], 2682,
FR_SENOIDAL[109], 2698,
FR_SENOIDAL[110], 2679,
FR_SENOIDAL[111], 2637,
FR_SENOIDAL[112], 2581,
FR_SENOIDAL[113], 2514,
FR_SENOIDAL[114], 2444,
FR_SENOIDAL[115], 2380,
FR_SENOIDAL[116], 2365,
FR_SENOIDAL[117], 2385,
FR_SENOIDAL[118], 2427,
FR_SENOIDAL[119], 2485,
FR_SENOIDAL[120], 2549,
FR_SENOIDAL[121], 2621,
FR_SENOIDAL[122], 2685,
FR_SENOIDAL[123], 2698,
FR_SENOIDAL[124], 2677,
FR_SENOIDAL[125], 2634,
FR_SENOIDAL[126], 2577,
FR_SENOIDAL[127], 2511,
FR_SENOIDAL[128], 2440,
FR_SENOIDAL[129], 2378,
FR_SENOIDAL[130], 2365,
FR_SENOIDAL[131], 2387,
FR_SENOIDAL[132], 2429,
FR_SENOIDAL[133], 2488,
FR_SENOIDAL[134], 2553,
FR_SENOIDAL[135], 2625,
FR_SENOIDAL[136], 2686,
FR_SENOIDAL[137], 2698,
FR_SENOIDAL[138], 2675,
FR_SENOIDAL[139], 2631,
FR_SENOIDAL[140], 2573,
FR_SENOIDAL[141], 2507,
FR_SENOIDAL[142], 2437,
FR_SENOIDAL[143], 2376,
FR_SENOIDAL[144], 2366,
FR_SENOIDAL[145], 2389,
FR_SENOIDAL[146], 2367,
FR_SENOIDAL[147], 2390,
FR_SENOIDAL[148], 2437,
FR_SENOIDAL[149], 2495,
FR_SENOIDAL[150], 2561,
FR_SENOIDAL[151], 2633,
FR_SENOIDAL[152], 2690,
FR_SENOIDAL[153], 2697,
FR_SENOIDAL[154], 2671,
FR_SENOIDAL[155], 2626,
FR_SENOIDAL[156], 2567,
FR_SENOIDAL[157], 2501,
FR_SENOIDAL[158], 2429,
FR_SENOIDAL[159], 2373,
FR_SENOIDAL[160], 2368,
FR_SENOIDAL[161], 2393,
FR_SENOIDAL[162], 2439,
FR_SENOIDAL[163], 2498,
FR_SENOIDAL[164], 2565,
FR_SENOIDAL[165], 2637,
FR_SENOIDAL[166], 2692,
FR_SENOIDAL[167], 2697,
FR_SENOIDAL[168], 2671,
FR_SENOIDAL[169], 2623,
FR_SENOIDAL[170], 2564,
FR_SENOIDAL[171], 2497,
FR_SENOIDAL[172], 2425,
FR_SENOIDAL[173], 2372,
FR_SENOIDAL[174], 2368,
FR_SENOIDAL[175], 2394,
FR_SENOIDAL[176], 2441,
FR_SENOIDAL[177], 2501,
FR_SENOIDAL[178], 2568,
FR_SENOIDAL[179], 2640,
FR_SENOIDAL[180], 2692,
FR_SENOIDAL[181], 2695,
FR_SENOIDAL[182], 2667,
FR_SENOIDAL[183], 2620,
FR_SENOIDAL[184], 2560,
FR_SENOIDAL[185], 2493,
FR_SENOIDAL[186], 2421,
FR_SENOIDAL[187], 2371,
FR_SENOIDAL[188], 2369,
FR_SENOIDAL[189], 2396,
FR_SENOIDAL[190], 2445,
FR_SENOIDAL[191], 2504,
FR_SENOIDAL[192], 2572,
FR_SENOIDAL[193], 2644,
FR_SENOIDAL[194], 2693,
FR_SENOIDAL[195], 2695,
FR_SENOIDAL[196], 2665,
FR_SENOIDAL[197], 2617,
FR_SENOIDAL[198], 2557,
FR_SENOIDAL[199], 2490,
FR_SENOIDAL[200], 2417,
FR_SENOIDAL[201], 2370,
FR_SENOIDAL[202], 2369,
FR_SENOIDAL[203], 2398,
FR_SENOIDAL[204], 2447,
FR_SENOIDAL[205], 2507,
FR_SENOIDAL[206], 2576,
FR_SENOIDAL[207], 2647,
FR_SENOIDAL[208], 2695,
FR_SENOIDAL[209], 2693,
FR_SENOIDAL[210], 2663,
FR_SENOIDAL[211], 2615,
FR_SENOIDAL[212], 2553,
FR_SENOIDAL[213], 2486,
FR_SENOIDAL[214], 2413,
FR_SENOIDAL[215], 2369,
FR_SENOIDAL[216], 2370,
FR_SENOIDAL[217], 2401,
FR_SENOIDAL[218], 2450,
FR_SENOIDAL[219], 2510,
FR_SENOIDAL[220], 2579,
FR_SENOIDAL[221], 2651,
FR_SENOIDAL[222], 2695,
FR_SENOIDAL[223], 2693,
FR_SENOIDAL[224], 2661,
FR_SENOIDAL[225], 2612,
FR_SENOIDAL[226], 2550,
FR_SENOIDAL[227], 2483,
FR_SENOIDAL[228], 2409,
FR_SENOIDAL[229], 2368,
FR_SENOIDAL[230], 2371,
FR_SENOIDAL[231], 2402,
FR_SENOIDAL[232], 2453,
FR_SENOIDAL[233], 2514,
FR_SENOIDAL[234], 2583,
FR_SENOIDAL[235], 2646,
FR_SENOIDAL[236], 2513,
FR_SENOIDAL[237], 2581,
FR_SENOIDAL[238], 2653,
FR_SENOIDAL[239], 2696,
FR_SENOIDAL[240], 2693,
FR_SENOIDAL[241], 2661,
FR_SENOIDAL[242], 2611,
FR_SENOIDAL[243], 2549,
FR_SENOIDAL[244], 2481,
FR_SENOIDAL[245], 2409,
FR_SENOIDAL[246], 2368,
FR_SENOIDAL[247], 2372,
FR_SENOIDAL[248], 2404,
FR_SENOIDAL[249], 2454,
FR_SENOIDAL[250], 2515,
FR_SENOIDAL[251], 2583,
FR_SENOIDAL[252], 2656,
FR_SENOIDAL[253], 2697,
FR_SENOIDAL[254], 2692,
FR_SENOIDAL[255], 2659,
