filtradaSEN[0], 118,
filtradaSEN[1], 109,
filtradaSEN[2], 107,
filtradaSEN[3], 115,
filtradaSEN[4], 120,
filtradaSEN[5], 116,
filtradaSEN[6], 116,
filtradaSEN[7], 126,
filtradaSEN[8], 130,
filtradaSEN[9], 124,
filtradaSEN[10], 119,
filtradaSEN[11], 123,
filtradaSEN[12], 124,
filtradaSEN[13], 115,
filtradaSEN[14], 108,
filtradaSEN[15], 112,
filtradaSEN[16], 117,
filtradaSEN[17], 113,
filtradaSEN[18], 110,
filtradaSEN[19], 118,
filtradaSEN[20], 127,
filtradaSEN[21], 125,
filtradaSEN[22], 120,
filtradaSEN[23], 124,
filtradaSEN[24], 130,
filtradaSEN[25], 124,
filtradaSEN[26], 115,
filtradaSEN[27], 116,
filtradaSEN[28], 120,
filtradaSEN[29], 116,
filtradaSEN[30], 109,
filtradaSEN[31], 110,
filtradaSEN[32], 113,
filtradaSEN[33], 114,
filtradaSEN[34], 113,
filtradaSEN[35], 117,
filtradaSEN[36], 124,
filtradaSEN[37], 126,
filtradaSEN[38], 126,
filtradaSEN[39], 126,
filtradaSEN[40], 126,
filtradaSEN[41], 122,
filtradaSEN[42], 118,
filtradaSEN[43], 116,
filtradaSEN[44], 114,
filtradaSEN[45], 110,
filtradaSEN[46], 109,
filtradaSEN[47], 113,
filtradaSEN[48], 118,
filtradaSEN[49], 118,
filtradaSEN[50], 119,
filtradaSEN[51], 123,
filtradaSEN[52], 123,
filtradaSEN[53], 118,
filtradaSEN[54], 115,
filtradaSEN[55], 117,
filtradaSEN[56], 119,
filtradaSEN[57], 116,
filtradaSEN[58], 113,
filtradaSEN[59], 116,
filtradaSEN[60], 120,
filtradaSEN[61], 121,
filtradaSEN[62], 119,
filtradaSEN[63], 120,
filtradaSEN[64], 123,
filtradaSEN[65], 123,
filtradaSEN[66], 120,
filtradaSEN[67], 118,
filtradaSEN[68], 118,
filtradaSEN[69], 117,
filtradaSEN[70], 116,
filtradaSEN[71], 116,
filtradaSEN[72], 116,
filtradaSEN[73], 116,
filtradaSEN[74], 117,
filtradaSEN[75], 120,
filtradaSEN[76], 122,
filtradaSEN[77], 121,
filtradaSEN[78], 122,
filtradaSEN[79], 124,
filtradaSEN[80], 124,
filtradaSEN[81], 120,
filtradaSEN[82], 117,
filtradaSEN[83], 116,
filtradaSEN[84], 116,
filtradaSEN[85], 116,
filtradaSEN[86], 114,
filtradaSEN[87], 114,
filtradaSEN[88], 117,
filtradaSEN[89], 121,
filtradaSEN[90], 122,
filtradaSEN[91], 121,
filtradaSEN[92], 122,
filtradaSEN[93], 124,
filtradaSEN[94], 124,
filtradaSEN[95], 120,
filtradaSEN[96], 117,
filtradaSEN[97], 116,
filtradaSEN[98], 116,
filtradaSEN[99], 115,
filtradaSEN[100], 114,
filtradaSEN[101], 114,
filtradaSEN[102], 117,
filtradaSEN[103], 121,
filtradaSEN[104], 122,
filtradaSEN[105], 121,
filtradaSEN[106], 122,
filtradaSEN[107], 124,
filtradaSEN[108], 123,
filtradaSEN[109], 120,
filtradaSEN[110], 117,
filtradaSEN[111], 116,
filtradaSEN[112], 116,
filtradaSEN[113], 115,
filtradaSEN[114], 114,
filtradaSEN[115], 114,
filtradaSEN[116], 117,
filtradaSEN[117], 121,
filtradaSEN[118], 122,
filtradaSEN[119], 121,
filtradaSEN[120], 122,
filtradaSEN[121], 124,
filtradaSEN[122], 123,
filtradaSEN[123], 120,
filtradaSEN[124], 116,
filtradaSEN[125], 116,
filtradaSEN[126], 116,
filtradaSEN[127], 115,
filtradaSEN[128], 114,
filtradaSEN[129], 114,
filtradaSEN[130], 117,
filtradaSEN[131], 121,
filtradaSEN[132], 122,
filtradaSEN[133], 121,
filtradaSEN[134], 122,
filtradaSEN[135], 124,
filtradaSEN[136], 123,
filtradaSEN[137], 120,
filtradaSEN[138], 116,
filtradaSEN[139], 116,
filtradaSEN[140], 116,
filtradaSEN[141], 115,
filtradaSEN[142], 113,
filtradaSEN[143], 114,
filtradaSEN[144], 118,
filtradaSEN[145], 121,
filtradaSEN[146], 120,
filtradaSEN[147], 117,
filtradaSEN[148], 119,
filtradaSEN[149], 122,
filtradaSEN[150], 121,
filtradaSEN[151], 117,
filtradaSEN[152], 118,
filtradaSEN[153], 120,
filtradaSEN[154], 119,
filtradaSEN[155], 116,
filtradaSEN[156], 117,
filtradaSEN[157], 120,
filtradaSEN[158], 119,
filtradaSEN[159], 116,
filtradaSEN[160], 118,
filtradaSEN[161], 122,
filtradaSEN[162], 121,
filtradaSEN[163], 117,
filtradaSEN[164], 118,
filtradaSEN[165], 122,
filtradaSEN[166], 121,
filtradaSEN[167], 116,
filtradaSEN[168], 115,
filtradaSEN[169], 120,
filtradaSEN[170], 121,
filtradaSEN[171], 116,
filtradaSEN[172], 115,
filtradaSEN[173], 120,
filtradaSEN[174], 123,
filtradaSEN[175], 118,
filtradaSEN[176], 116,
filtradaSEN[177], 120,
filtradaSEN[178], 123,
filtradaSEN[179], 120,
filtradaSEN[180], 115,
filtradaSEN[181], 118,
filtradaSEN[182], 121,
filtradaSEN[183], 119,
filtradaSEN[184], 115,
filtradaSEN[185], 117,
filtradaSEN[186], 120,
filtradaSEN[187], 119,
filtradaSEN[188], 117,
filtradaSEN[189], 118,
filtradaSEN[190], 122,
filtradaSEN[191], 121,
filtradaSEN[192], 118,
filtradaSEN[193], 119,
filtradaSEN[194], 121,
filtradaSEN[195], 119,
filtradaSEN[196], 116,
filtradaSEN[197], 116,
filtradaSEN[198], 116,
filtradaSEN[199], 115,
filtradaSEN[200], 113,
filtradaSEN[201], 115,
filtradaSEN[202], 119,
filtradaSEN[203], 121,
filtradaSEN[204], 121,
filtradaSEN[205], 121,
filtradaSEN[206], 123,
filtradaSEN[207], 124,
filtradaSEN[208], 122,
filtradaSEN[209], 118,
filtradaSEN[210], 116,
filtradaSEN[211], 116,
filtradaSEN[212], 116,
filtradaSEN[213], 115,
filtradaSEN[214], 113,
filtradaSEN[215], 115,
filtradaSEN[216], 119,
filtradaSEN[217], 122,
filtradaSEN[218], 121,
filtradaSEN[219], 121,
filtradaSEN[220], 123,
filtradaSEN[221], 124,
filtradaSEN[222], 122,
filtradaSEN[223], 118,
filtradaSEN[224], 116,
filtradaSEN[225], 116,
filtradaSEN[226], 116,
filtradaSEN[227], 115,
filtradaSEN[228], 113,
filtradaSEN[229], 115,
filtradaSEN[230], 119,
filtradaSEN[231], 122,
filtradaSEN[232], 121,
filtradaSEN[233], 121,
filtradaSEN[234], 123,
filtradaSEN[235], 118,
filtradaSEN[236], 113,
filtradaSEN[237], 117,
filtradaSEN[238], 123,
filtradaSEN[239], 120,
filtradaSEN[240], 114,
filtradaSEN[241], 118,
filtradaSEN[242], 124,
filtradaSEN[243], 121,
filtradaSEN[244], 115,
filtradaSEN[245], 117,
filtradaSEN[246], 123,
filtradaSEN[247], 120,
filtradaSEN[248], 113,
filtradaSEN[249], 115,
filtradaSEN[250], 122,
filtradaSEN[251], 121,
filtradaSEN[252], 114,
filtradaSEN[253], 116,
filtradaSEN[254], 123,
filtradaSEN[255], 123,
