filtradaTRI[0], 118,
filtradaTRI[1], 121,
filtradaTRI[2], 128,
filtradaTRI[3], 127,
filtradaTRI[4], 118,
filtradaTRI[5], 116,
filtradaTRI[6], 119,
filtradaTRI[7], 117,
filtradaTRI[8], 111,
filtradaTRI[9], 110,
filtradaTRI[10], 116,
filtradaTRI[11], 118,
filtradaTRI[12], 116,
filtradaTRI[13], 119,
filtradaTRI[14], 125,
filtradaTRI[15], 126,
filtradaTRI[16], 122,
filtradaTRI[17], 121,
filtradaTRI[18], 124,
filtradaTRI[19], 121,
filtradaTRI[20], 113,
filtradaTRI[21], 112,
filtradaTRI[22], 116,
filtradaTRI[23], 116,
filtradaTRI[24], 111,
filtradaTRI[25], 112,
filtradaTRI[26], 119,
filtradaTRI[27], 122,
filtradaTRI[28], 121,
filtradaTRI[29], 123,
filtradaTRI[30], 124,
filtradaTRI[31], 118,
filtradaTRI[32], 117,
filtradaTRI[33], 123,
filtradaTRI[34], 125,
filtradaTRI[35], 117,
filtradaTRI[36], 112,
filtradaTRI[37], 118,
filtradaTRI[38], 122,
filtradaTRI[39], 115,
filtradaTRI[40], 111,
filtradaTRI[41], 117,
filtradaTRI[42], 124,
filtradaTRI[43], 121,
filtradaTRI[44], 116,
filtradaTRI[45], 120,
filtradaTRI[46], 126,
filtradaTRI[47], 123,
filtradaTRI[48], 116,
filtradaTRI[49], 117,
filtradaTRI[50], 121,
filtradaTRI[51], 120,
filtradaTRI[52], 118,
filtradaTRI[53], 120,
filtradaTRI[54], 123,
filtradaTRI[55], 122,
filtradaTRI[56], 119,
filtradaTRI[57], 119,
filtradaTRI[58], 119,
filtradaTRI[59], 117,
filtradaTRI[60], 116,
filtradaTRI[61], 116,
filtradaTRI[62], 117,
filtradaTRI[63], 116,
filtradaTRI[64], 117,
filtradaTRI[65], 120,
filtradaTRI[66], 122,
filtradaTRI[67], 120,
filtradaTRI[68], 119,
filtradaTRI[69], 122,
filtradaTRI[70], 123,
filtradaTRI[71], 119,
filtradaTRI[72], 115,
filtradaTRI[73], 116,
filtradaTRI[74], 119,
filtradaTRI[75], 117,
filtradaTRI[76], 114,
filtradaTRI[77], 114,
filtradaTRI[78], 117,
filtradaTRI[79], 120,
filtradaTRI[80], 122,
filtradaTRI[81], 121,
filtradaTRI[82], 122,
filtradaTRI[83], 123,
filtradaTRI[84], 123,
filtradaTRI[85], 120,
filtradaTRI[86], 117,
filtradaTRI[87], 116,
filtradaTRI[88], 116,
filtradaTRI[89], 116,
filtradaTRI[90], 114,
filtradaTRI[91], 114,
filtradaTRI[92], 117,
filtradaTRI[93], 121,
filtradaTRI[94], 122,
filtradaTRI[95], 121,
filtradaTRI[96], 122,
filtradaTRI[97], 124,
filtradaTRI[98], 123,
filtradaTRI[99], 120,
filtradaTRI[100], 116,
filtradaTRI[101], 116,
filtradaTRI[102], 116,
filtradaTRI[103], 115,
filtradaTRI[104], 114,
filtradaTRI[105], 114,
filtradaTRI[106], 118,
filtradaTRI[107], 121,
filtradaTRI[108], 121,
filtradaTRI[109], 121,
filtradaTRI[110], 122,
filtradaTRI[111], 124,
filtradaTRI[112], 123,
filtradaTRI[113], 120,
filtradaTRI[114], 117,
filtradaTRI[115], 116,
filtradaTRI[116], 116,
filtradaTRI[117], 115,
filtradaTRI[118], 114,
filtradaTRI[119], 114,
filtradaTRI[120], 118,
filtradaTRI[121], 121,
filtradaTRI[122], 122,
filtradaTRI[123], 121,
filtradaTRI[124], 122,
filtradaTRI[125], 124,
filtradaTRI[126], 123,
filtradaTRI[127], 120,
filtradaTRI[128], 116,
filtradaTRI[129], 116,
filtradaTRI[130], 116,
filtradaTRI[131], 115,
filtradaTRI[132], 114,
filtradaTRI[133], 114,
filtradaTRI[134], 118,
filtradaTRI[135], 121,
filtradaTRI[136], 122,
filtradaTRI[137], 121,
filtradaTRI[138], 122,
filtradaTRI[139], 124,
filtradaTRI[140], 123,
filtradaTRI[141], 119,
filtradaTRI[142], 116,
filtradaTRI[143], 116,
filtradaTRI[144], 116,
filtradaTRI[145], 115,
filtradaTRI[146], 116,
filtradaTRI[147], 117,
filtradaTRI[148], 119,
filtradaTRI[149], 119,
filtradaTRI[150], 118,
filtradaTRI[151], 119,
filtradaTRI[152], 120,
filtradaTRI[153], 120,
filtradaTRI[154], 119,
filtradaTRI[155], 119,
filtradaTRI[156], 120,
filtradaTRI[157], 118,
filtradaTRI[158], 117,
filtradaTRI[159], 118,
filtradaTRI[160], 119,
filtradaTRI[161], 118,
filtradaTRI[162], 116,
filtradaTRI[163], 118,
filtradaTRI[164], 121,
filtradaTRI[165], 120,
filtradaTRI[166], 118,
filtradaTRI[167], 118,
filtradaTRI[168], 121,
filtradaTRI[169], 121,
filtradaTRI[170], 118,
filtradaTRI[171], 116,
filtradaTRI[172], 119,
filtradaTRI[173], 120,
filtradaTRI[174], 117,
filtradaTRI[175], 116,
filtradaTRI[176], 118,
filtradaTRI[177], 120,
filtradaTRI[178], 119,
filtradaTRI[179], 118,
filtradaTRI[180], 119,
filtradaTRI[181], 121,
filtradaTRI[182], 120,
filtradaTRI[183], 118,
filtradaTRI[184], 118,
filtradaTRI[185], 119,
filtradaTRI[186], 118,
filtradaTRI[187], 117,
filtradaTRI[188], 117,
filtradaTRI[189], 118,
filtradaTRI[190], 118,
filtradaTRI[191], 118,
filtradaTRI[192], 119,
filtradaTRI[193], 120,
filtradaTRI[194], 120,
filtradaTRI[195], 119,
filtradaTRI[196], 120,
filtradaTRI[197], 122,
filtradaTRI[198], 122,
filtradaTRI[199], 118,
filtradaTRI[200], 116,
filtradaTRI[201], 116,
filtradaTRI[202], 116,
filtradaTRI[203], 115,
filtradaTRI[204], 114,
filtradaTRI[205], 115,
filtradaTRI[206], 119,
filtradaTRI[207], 121,
filtradaTRI[208], 121,
filtradaTRI[209], 121,
filtradaTRI[210], 123,
filtradaTRI[211], 124,
filtradaTRI[212], 122,
filtradaTRI[213], 118,
filtradaTRI[214], 116,
filtradaTRI[215], 116,
filtradaTRI[216], 116,
filtradaTRI[217], 114,
filtradaTRI[218], 113,
filtradaTRI[219], 116,
filtradaTRI[220], 119,
filtradaTRI[221], 121,
filtradaTRI[222], 121,
filtradaTRI[223], 121,
filtradaTRI[224], 123,
filtradaTRI[225], 124,
filtradaTRI[226], 122,
filtradaTRI[227], 118,
filtradaTRI[228], 116,
filtradaTRI[229], 116,
filtradaTRI[230], 116,
filtradaTRI[231], 114,
filtradaTRI[232], 114,
filtradaTRI[233], 116,
filtradaTRI[234], 119,
filtradaTRI[235], 121,
filtradaTRI[236], 119,
filtradaTRI[237], 116,
filtradaTRI[238], 118,
filtradaTRI[239], 120,
filtradaTRI[240], 119,
filtradaTRI[241], 115,
filtradaTRI[242], 117,
filtradaTRI[243], 122,
filtradaTRI[244], 121,
filtradaTRI[245], 117,
filtradaTRI[246], 118,
filtradaTRI[247], 122,
filtradaTRI[248], 122,
filtradaTRI[249], 117,
filtradaTRI[250], 116,
filtradaTRI[251], 120,
filtradaTRI[252], 121,
filtradaTRI[253], 116,
filtradaTRI[254], 115,
filtradaTRI[255], 119,
